{
    "rmse": 0.7087982738141342,
    "mae": 0.5477858591642009,
    "r2": 0.17639321228800076
}